City,Country,Lat,Lng,Max Temp,Humidity,Cloudiness,Wind Speed,Date
Manzhouli,CN,49.6,117.43,266.16,93,0,2.67,1605397354
Maragogi,BR,-9.01,-35.22,298.63,83,2,5.07,1605397323
Ponta do Sol,PT,32.67,-17.1,295.15,88,75,3.1,1605397355
Albany,US,42.6,-73.97,279.26,63,12,3.88,1605397355
Saint Paul Harbor,US,57.79,-152.41,276.15,51,20,3.6,1605397355
Lillehammer,NO,61.11,10.47,277.04,90,100,2.25,1605397355
Havelock,US,34.88,-76.9,288.15,82,1,1.5,1605397209
Kunszentmiklós,HU,47.03,19.13,281.15,87,90,2.1,1605397356
Hobart,AU,-42.88,147.33,290.37,51,75,5.1,1605397172
Cape Town,ZA,-33.93,18.42,288.15,82,20,4.6,1605396643
Rikitea,PF,-23.12,-134.97,297.62,83,86,6.88,1605397356
Port Lincoln,AU,-34.73,135.87,298.43,38,27,2.58,1605397087
Port Macquarie,AU,-31.43,152.92,302.04,45,0,0.89,1605397356
Jamestown,US,42.1,-79.24,277.59,60,1,1.5,1605397356
Qaqortoq,GL,60.72,-46.03,265.15,67,0,6.7,1605397357
Hermanus,ZA,-34.42,19.23,286.48,87,88,1.82,1605397357
Along,IN,28.17,94.77,284.79,54,0,0.74,1605397357
Punta Arenas,CL,-53.15,-70.92,281.15,65,75,13.9,1605397357
Longyearbyen,SJ,78.22,15.64,277.15,80,40,9.8,1605397357
Gamba,GA,-2.65,10.0,298.24,92,100,2.46,1605397357
Kutum,SD,14.2,24.67,289.61,30,0,7.12,1605397357
Mataura,NZ,-46.19,168.86,292.44,59,100,1.1,1605397358
Aksu,CN,41.12,80.26,274.59,68,74,1.83,1605397358
Singuilucan,MX,19.97,-98.52,287.44,68,0,2.8,1605397358
Alofi,NU,-19.06,-169.92,301.15,69,46,5.7,1605397358
Makakilo City,US,21.35,-158.09,302.15,58,75,4.1,1605397087
Atuona,PF,-9.8,-139.03,298.57,75,33,6.41,1605397358
Lebu,CL,-37.62,-73.65,284.55,73,0,8.4,1605397231
Aykhal,RU,66.0,111.5,254.15,91,90,3.0,1605397359
Koumac,NC,-20.57,164.28,300.52,69,8,3.0,1605397359
Busselton,AU,-33.65,115.33,289.82,98,16,6.13,1605397359
Tamandaré,BR,-8.76,-35.1,298.75,83,19,4.93,1605397359
Florø,NO,61.6,5.03,283.15,66,99,8.7,1605397359
Springdale,US,36.19,-94.13,293.15,94,40,9.3,1605397359
Santa Vitória,BR,-18.84,-50.12,296.17,85,100,1.68,1605397360
Nikolskoye,RU,59.7,30.79,273.71,92,75,3.0,1605397360
Bengkulu,ID,-3.8,102.27,298.75,82,89,1.71,1605397360
Thompson,CA,55.74,-97.86,265.15,85,90,3.6,1605397079
Klamath Falls,US,42.22,-121.78,277.59,69,90,3.1,1605397360
Chui,UY,-33.7,-53.46,292.82,88,99,3.6,1605397360
Norman Wells,CA,65.28,-126.83,252.15,83,75,1.5,1605397360
Avarua,CK,-21.21,-159.78,300.15,74,46,6.2,1605397361
Port Alfred,ZA,-33.59,26.89,290.53,85,77,3.6,1605397361
The Pas,CA,53.83,-101.25,268.15,92,90,6.7,1605397361
Fare,PF,-16.7,-151.02,300.26,71,98,3.18,1605397361
Vaini,TO,-21.2,-175.2,301.15,78,40,4.1,1605397361
Margate,GB,51.38,1.39,287.04,84,89,2.24,1605397362
Tegul'det,RU,57.31,88.17,265.39,97,90,1.35,1605397362
Morondava,MG,-20.28,44.28,296.86,61,5,1.2,1605397362
Sol'-Iletsk,RU,51.16,54.99,264.27,93,0,4.27,1605397362
Sørland,NO,67.67,12.69,281.45,76,41,15.77,1605397362
Lensk,RU,60.73,114.93,260.85,92,100,4.78,1605397362
Cabo San Lucas,MX,22.89,-109.91,298.15,50,75,4.1,1605397149
Severo-Kuril'sk,RU,50.68,156.12,277.39,91,78,7.82,1605397363
Hithadhoo,MV,-0.6,73.08,301.47,77,100,9.48,1605397363
Ushuaia,AR,-54.8,-68.3,279.15,79,75,4.19,1605397146
Saskylakh,RU,71.92,114.08,257.22,92,89,6.7,1605397363
Dingle,PH,11.0,122.67,300.61,85,37,4.54,1605397363
New Norfolk,AU,-42.78,147.06,290.37,41,48,1.6,1605397363
Mahébourg,MU,-20.41,57.7,296.15,88,75,4.6,1605397364
Sitka,US,57.05,-135.33,277.15,80,90,4.6,1605397364
Bluff,NZ,-46.6,168.33,287.8,89,100,1.13,1605397364
Butaritari,KI,3.07,172.79,300.89,67,98,2.23,1605397364
Harper,LR,4.38,-7.72,298.7,87,14,3.89,1605397365
Port Hardy,CA,50.7,-127.42,280.15,81,90,11.8,1605397365
Hetauda,NP,27.43,85.03,283.15,100,20,1.82,1605397324
São José da Coroa Grande,BR,-8.9,-35.15,298.79,83,9,5.15,1605397365
Port Elizabeth,ZA,-33.92,25.57,290.15,82,0,5.7,1605397365
Qaanaaq,GL,77.48,-69.36,259.55,80,93,6.09,1605397365
Ivybridge,GB,50.39,-3.92,286.48,94,44,4.02,1605397366
Khovd,MN,48.01,91.64,270.74,86,99,0.52,1605397366
Muscatine,US,41.47,-91.13,285.15,87,90,7.2,1605397366
Pangkalanbuun,ID,-2.68,111.62,299.46,87,89,0.75,1605397366
Yellowknife,CA,62.46,-114.35,259.15,77,90,2.6,1605397366
Camocim,BR,-2.9,-40.84,301.04,72,62,7.79,1605397367
Adrar,MR,20.5,-10.07,298.61,17,100,4.64,1605397367
Garh Maharaja,PK,30.83,71.91,289.66,46,73,5.48,1605397367
Zeya,RU,53.75,127.27,264.03,86,0,3.15,1605397367
Bredasdorp,ZA,-34.53,20.04,288.15,77,99,1.5,1605397367
Ribeira Grande,PT,38.52,-28.7,291.68,88,98,7.61,1605397367
Tuktoyaktuk,CA,69.45,-133.04,263.15,85,90,12.3,1605397368
Mayo,US,38.89,-76.51,284.15,71,1,1.5,1605397368
Bethel,US,41.37,-73.41,279.15,52,1,1.5,1605397140
Marfino,RU,55.7,37.38,273.71,94,90,2.0,1605397368
La Roche-sur-Yon,FR,46.67,-1.43,288.15,87,75,4.6,1605397368
Pasco,US,28.29,-82.42,298.71,85,43,3.84,1605397366
Nortelândia,BR,-14.45,-56.8,299.04,70,76,1.2,1605397369
Ugoofaaru,MV,5.67,73.0,301.45,77,100,3.66,1605397369
Buala,SB,-8.14,159.59,303.55,67,44,3.55,1605397369
Hilo,US,19.73,-155.09,299.15,65,1,3.1,1605397369
Mozarlândia,BR,-14.74,-50.57,299.75,62,49,2.47,1605397369
Beringovskiy,RU,63.05,179.32,264.33,86,0,1.57,1605397370
Collie,AU,-33.37,116.15,289.82,98,6,4.62,1605397370
Dikson,RU,73.51,80.55,269.5,98,95,3.7,1605397370
Okhotsk,RU,59.38,143.3,261.99,90,100,8.07,1605397370
Saint-Philippe,RE,-21.36,55.77,295.15,73,90,3.6,1605397370
Puerto del Rosario,ES,28.5,-13.86,295.15,60,0,1.0,1605397370
Arraial do Cabo,BR,-22.97,-42.03,296.42,91,91,1.31,1605397370
Mar del Plata,AR,-38.0,-57.56,290.15,82,75,3.1,1605397371
Policoro,IT,40.21,16.67,284.82,98,100,1.24,1605397371
Umluj,SA,25.02,37.27,296.21,67,0,1.7,1605397371
Tuatapere,NZ,-46.13,167.68,292.36,62,100,3.04,1605397371
Jaicós,BR,-7.36,-41.14,303.15,33,64,1.81,1605397371
Hong Kong,HK,22.29,114.16,295.93,75,99,0.45,1605397371
Tiksi,RU,71.69,128.87,254.0,91,59,3.24,1605397371
Krasnosel'kup,RU,65.7,82.47,248.18,89,57,4.01,1605397372
Amberley,US,39.2,-84.43,285.37,54,75,3.33,1605397372
Oppdal,NO,62.59,9.69,273.52,91,74,6.16,1605397372
Jagüey Grande,CU,22.53,-81.13,299.15,94,20,4.1,1605397372
Karatau,KZ,43.17,70.47,272.68,85,8,6.38,1605397372
Pochutla,MX,15.74,-96.47,302.15,70,20,2.24,1605397372
Lodwar,KE,3.12,35.6,301.16,52,3,6.02,1605397372
Tilichiki,RU,60.47,166.1,266.9,100,100,5.01,1605397373
Iasmos,GR,41.13,25.18,282.59,74,2,2.0,1605397373
Iqaluit,CA,63.75,-68.51,266.15,67,75,3.1,1605397373
Kaitangata,NZ,-46.28,169.85,292.04,64,100,2.62,1605397373
Broome,US,42.25,-75.83,275.15,59,1,2.6,1605397373
Saint-Pierre,RE,-21.34,55.48,295.15,73,90,3.6,1605397373
Souillac,MU,-20.52,57.52,296.15,88,75,4.6,1605397374
Sambava,MG,-14.27,50.17,296.64,87,86,1.8,1605397374
Cayenne,GF,4.93,-52.33,297.15,100,90,2.1,1605397374
Kapaa,US,22.08,-159.32,301.15,65,40,5.7,1605397374
Barrow,US,71.29,-156.79,267.15,79,90,7.7,1605397374
Marsala,IT,37.8,12.44,293.15,88,20,4.6,1605397122
Aklavik,CA,68.22,-135.01,257.15,77,75,1.5,1605397374
Ruwi,OM,23.6,58.55,300.15,78,75,1.5,1605397375
Coquimbo,CL,-29.95,-71.34,288.15,77,20,5.7,1605397308
Leh,IN,34.17,77.58,270.16,74,61,2.54,1605397251
Itaituba,BR,-4.28,-55.98,300.16,76,96,1.38,1605397265
Namatanai,PG,-3.67,152.43,303.08,65,5,3.97,1605397375
Aloleng,PH,16.13,119.78,300.76,77,92,5.27,1605397376
Clyde River,CA,70.47,-68.59,268.15,73,75,12.3,1605397376
Carnarvon,AU,-24.87,113.63,293.15,72,90,5.7,1605397376
West Wendover,US,40.74,-114.07,280.15,28,1,5.7,1605397376
Magaria,NE,13.0,8.91,297.51,25,95,5.2,1605397376
George Town,MY,5.41,100.34,299.15,94,20,1.5,1605397171
Fărcaşele,RO,44.15,24.43,275.15,93,20,0.6,1605397376
Kumul,CN,42.8,93.45,273.46,85,42,2.15,1605397377
Torbay,CA,47.67,-52.73,273.71,99,90,10.8,1605397377
Vondrozo,MG,-22.82,47.28,287.18,100,100,1.32,1605397377
Mahibadhoo,MV,3.78,72.97,300.31,82,100,4.97,1605397377
Saldanha,ZA,-33.01,17.94,285.15,81,0,1.5,1605397377
Øksfjord,NO,70.24,22.35,278.15,78,67,11.3,1605397377
Leningradskiy,RU,69.38,178.42,258.82,81,98,1.83,1605397378
Siavonga,ZM,-16.54,28.71,300.06,46,12,2.44,1605397378
Bedelē,ET,8.46,36.35,284.12,96,13,0.6,1605397378
Tekeli,KZ,44.83,78.82,269.43,92,100,0.53,1605397378
Sola,VU,-13.88,167.55,300.28,82,57,6.5,1605397378
San Patricio,US,28.02,-97.52,301.15,65,75,8.2,1605397378
Bambous Virieux,MU,-20.34,57.76,296.15,88,75,4.6,1605397379
Moose Factory,CA,51.26,-80.61,272.15,86,1,5.1,1605397379
Zhangye,CN,38.93,100.45,280.5,46,14,3.46,1605397379
Katsuura,JP,35.13,140.3,286.48,58,20,1.5,1605397379
Andrews,US,32.32,-102.55,298.15,16,1,7.2,1605397379
Cidreira,BR,-30.18,-50.21,295.16,84,0,6.98,1605397379
East London,ZA,-33.02,27.91,291.66,75,83,2.36,1605397380
Juba,SS,4.85,31.58,297.03,74,14,1.17,1605397306
Chokurdakh,RU,70.63,147.92,241.56,85,1,2.74,1605397380
Avera,US,33.19,-82.53,290.37,87,1,1.21,1605397380
Barcelos,PT,41.54,-8.62,290.15,93,90,5.1,1605397380
Yumen,CN,40.28,97.2,270.43,93,41,4.77,1605397381
Svetlaya,RU,46.54,138.33,278.23,60,75,2.69,1605397381
Airai,TL,-8.93,125.41,296.8,54,1,1.18,1605397381
Mormugao,IN,15.4,73.8,298.72,69,0,3.72,1605397381
Te Anau,NZ,-45.42,167.72,291.77,59,100,3.64,1605397381
Walvis Bay,NA,-22.96,14.51,288.15,82,0,2.6,1605397381
Eyl,SO,7.98,49.82,297.52,72,22,5.26,1605397382
Kavieng,PG,-2.57,150.8,302.92,70,21,6.79,1605397382
Saint-Augustin,CA,51.23,-58.65,272.77,88,100,4.3,1605397382
Takoradze,GH,4.88,-1.76,299.26,85,46,2.67,1605397382
Florianópolis,BR,-27.61,-48.5,297.15,83,40,1.5,1605397230
Broken Hill,AU,-31.95,141.43,306.15,10,8,11.8,1605397382
Gari,RU,59.43,62.35,260.81,92,0,2.14,1605397383
Hervey Bay,AU,-25.3,152.85,300.93,75,2,2.68,1605397383
Ushtobe,KZ,45.25,77.98,274.44,76,100,1.73,1605397383
Oudtshoorn,ZA,-33.59,22.2,287.15,100,97,2.6,1605397383
Erenhot,CN,43.65,111.98,275.95,73,28,1.79,1605397383
Capinzal,BR,-27.34,-51.61,294.31,61,7,1.15,1605397384
Blyth,GB,55.13,-1.51,284.26,76,43,6.7,1605397384
Touros,BR,-5.2,-35.46,299.15,83,20,3.1,1605397384
Puerto Ayora,EC,-0.74,-90.35,294.26,83,27,3.58,1605397384
Saint George,US,37.1,-113.58,290.15,13,1,2.6,1605397150
Flinders,AU,-34.58,150.86,294.82,76,0,3.86,1605397385
Livenka,RU,50.45,38.3,272.68,95,100,2.86,1605397385
Ostrovnoy,RU,68.05,39.51,274.63,88,81,7.75,1605397385
Lethem,GY,3.38,-59.8,299.76,79,63,0.21,1605397385
Shellbrook,CA,53.22,-106.4,267.15,79,90,8.2,1605397217
Shache,CN,38.42,77.24,270.51,81,55,1.06,1605397385
Itaqui,BR,-29.13,-56.55,293.1,91,100,11.95,1605397385
Ahipara,NZ,-35.17,173.17,293.39,45,87,1.62,1605397386
West Bay,KY,19.37,-81.42,300.93,88,75,2.6,1605397386
Upernavik,GL,72.79,-56.15,261.99,84,100,5.73,1605397386
Bilma,NE,18.69,12.92,293.27,26,7,5.5,1605397386
Chauk,MM,20.88,94.82,294.37,77,0,2.71,1605397386
Shelburne,CA,44.08,-80.2,274.26,67,2,3.58,1605397386
Santarém,BR,-2.44,-54.71,301.15,78,20,3.1,1605397177
La Ronge,CA,55.1,-105.28,265.15,78,100,2.6,1605397387
Talnakh,RU,69.49,88.4,253.15,83,100,8.0,1605397387
San Cristobal,VE,7.77,-72.22,299.15,88,75,1.5,1605397148
Dunedin,NZ,-45.87,170.5,292.59,64,99,3.24,1605397387
Olafsvik,IS,64.89,-23.71,274.34,88,86,7.37,1605397387
Ulaanbaatar,MN,47.91,106.88,260.15,84,0,0.97,1605397125
Rāyadrug,IN,14.7,76.87,292.98,93,3,2.54,1605397387
Kisangani,CD,0.52,25.2,294.04,97,100,0.25,1605397388
Ishigaki,JP,24.34,124.16,297.15,83,75,6.2,1605397388
Half Moon Bay,US,37.46,-122.43,289.26,76,1,5.7,1605397388
Port-Cartier,CA,50.03,-66.87,274.15,93,99,0.5,1605397388
Nsoko,SZ,-27.03,31.95,295.15,78,0,1.5,1605397388
Tabou,CI,4.42,-7.35,298.9,87,22,4.15,1605397388
Mount Isa,AU,-20.73,139.5,307.15,32,8,3.1,1605397389
Sosnovoborsk,RU,56.13,93.36,257.15,91,0,0.44,1605397389
Mossamedes,AO,-15.2,12.15,293.88,77,36,2.81,1605397389
Simi,SL,9.57,-12.35,294.98,53,0,1.16,1605397389
Nador,MA,35.17,-2.93,289.15,87,0,1.23,1605397389
Boddam,GB,57.47,-1.78,284.15,81,81,9.3,1605397389
Lata,PT,40.16,-8.33,290.93,89,95,1.79,1605397389
Matara,LK,5.95,80.54,298.02,88,28,2.23,1605397390
Caravelas,BR,-17.71,-39.25,298.49,83,94,4.61,1605397390
Chapais,CA,49.78,-74.85,268.15,67,90,2.6,1605397390
Kyren,RU,51.68,102.14,268.33,88,79,0.56,1605397390
Townsville,AU,-19.25,146.8,301.48,69,90,5.1,1605397205
Nanortalik,GL,60.14,-45.24,268.38,82,0,5.29,1605397390
Sovetskiy,RU,61.36,63.58,261.28,89,0,0.57,1605397391
San Quintín,MX,30.48,-115.95,291.35,74,0,5.93,1605397391
Padang,ID,-0.95,100.35,299.3,77,98,1.98,1605397391
Mayya,RU,61.73,130.28,263.15,85,75,3.0,1605397391
Canary Islands,ES,28.0,-15.5,295.93,73,0,2.25,1605397391
Baruun-Urt,MN,46.68,113.28,269.77,94,64,3.09,1605397391
Cortona,IT,43.27,11.99,285.37,87,68,0.98,1605397391
Madera,US,37.17,-119.83,290.93,55,0,2.23,1605397392
Grindavik,IS,63.84,-22.43,273.15,86,0,2.1,1605397392
Vao,NC,-22.67,167.48,296.98,83,8,3.14,1605397392
Castro,BR,-24.79,-50.01,292.09,84,53,1.2,1605397392
Novomykolayivka,UA,47.98,35.91,274.55,84,89,2.07,1605397392
Sept-Îles,CA,50.2,-66.38,273.71,97,90,0.96,1605397158
Naryan-Mar,RU,67.67,53.09,270.73,98,97,5.85,1605397393
Westport,US,41.14,-73.36,281.15,45,1,2.6,1605397329
Faanui,PF,-16.48,-151.75,299.85,74,100,3.2,1605397393
Mayumba,GA,-3.43,10.66,298.68,90,90,2.51,1605397393
Mandalgovi,MN,45.76,106.27,269.1,89,17,3.27,1605397393
Kromy,RU,52.69,35.77,272.7,89,83,0.7,1605397393
Japura,ID,-0.32,102.35,298.14,89,97,0.45,1605397393
Xining,CN,36.62,101.77,276.5,65,32,0.67,1605397214
Vardø,NO,70.37,31.11,277.77,82,98,13.01,1605397394
Deputatsky,RU,69.3,139.9,250.22,88,70,1.4,1605397394
Pangnirtung,CA,66.15,-65.71,260.35,88,82,1.08,1605397394
Esperance,AU,-33.87,121.9,287.15,82,9,9.3,1605397394
Morgan Hill,US,37.13,-121.65,288.71,67,1,7.7,1605397239
Pisco,PE,-13.7,-76.22,292.15,82,20,8.2,1605397394
Tautira,PF,-17.73,-149.15,301.15,74,40,6.2,1605397394
Inhambane,MZ,-23.86,35.38,293.88,79,0,4.03,1605397395
Bonavista,CA,48.65,-53.11,274.26,100,100,3.1,1605397395
Cândido Mendes,BR,-1.45,-45.72,298.83,85,82,1.96,1605397395
Belfast,GB,54.58,-5.93,283.15,81,83,9.3,1605397112
Akdepe,TM,42.06,59.38,273.15,79,0,3.1,1605397395
Shimoda,JP,34.67,138.95,287.59,82,20,0.5,1605397395
Eenhana,NA,-17.47,16.33,296.15,73,100,2.6,1605397395
Burayevo,RU,55.84,55.41,260.42,94,0,2.87,1605397396
Sistranda,NO,63.73,8.83,281.15,63,0,9.8,1605397396
Provideniya,RU,64.38,-173.3,266.28,87,60,2.19,1605397396
São João da Barra,BR,-21.64,-41.05,296.44,91,100,1.79,1605397396
Vilhena,BR,-12.74,-60.15,295.15,94,70,1.5,1605397321
Galle,LK,6.04,80.22,298.33,88,45,2.12,1605397328
Ilulissat,GL,69.22,-51.1,257.15,54,16,10.8,1605397396
Bokoro,TD,12.38,17.06,298.46,18,41,5.35,1605397397
Constitución,CL,-35.33,-72.42,285.27,74,0,7.04,1605397397
Luyang,CN,27.62,110.1,285.72,78,0,0.56,1605397397
Bilibino,RU,68.05,166.44,250.26,82,17,1.49,1605397397
Palmer,US,42.16,-72.33,278.15,52,20,3.6,1605397264
Dhārchula,IN,29.85,80.53,284.38,41,100,1.8,1605397397
Vaitape,PF,-16.52,-151.75,300.32,73,100,3.16,1605397397
Fengkou,CN,30.08,113.27,287.55,72,0,0.94,1605397398
Kirakira,SB,-10.45,161.92,303.75,68,3,5.04,1605397398
Balkanabat,TM,39.51,54.37,280.75,55,11,2.59,1605397398
Porto Santo,PT,33.07,-16.34,294.15,94,75,5.1,1605397398
Hasaki,JP,35.73,140.83,283.15,76,20,1.0,1605397398
Buchanan,LR,5.88,-10.05,298.77,86,1,1.68,1605397398
Kirkland Lake,CA,48.14,-80.04,273.15,92,8,3.59,1605397243
Ginir,ET,7.13,40.7,285.82,64,19,1.97,1605397399
Ozinki,RU,51.18,49.68,266.03,93,86,3.19,1605397399
Srednekolymsk,RU,67.45,153.68,247.18,88,81,1.21,1605397399
Kavaratti,IN,10.57,72.64,301.27,76,100,2.81,1605397399
Departamento de Maldonado,UY,-34.67,-54.92,293.15,82,90,3.6,1605397399
Pevek,RU,69.7,170.31,255.09,88,18,4.35,1605397399
Sol'vychegodsk,RU,61.33,46.92,271.04,98,96,2.76,1605397399
Uyemskiy,RU,64.47,40.85,274.15,100,75,2.0,1605397400
Penzance,GB,50.12,-5.54,285.15,93,81,12.3,1605397203
Webuye,KE,0.61,34.77,288.74,85,19,2.84,1605397400
Sabzawār,IR,36.21,57.68,274.8,72,0,1.43,1605397400
Carutapera,BR,-1.2,-46.02,299.89,81,89,3.38,1605397400
Messina,IT,38.19,15.55,290.93,93,5,2.1,1605397200
Cherskiy,RU,68.75,161.3,249.25,84,17,0.99,1605397400
Altay,CN,47.87,88.12,274.25,82,100,0.32,1605397401
Udangudi,IN,8.43,78.02,298.8,82,92,6.98,1605397401
Sopela,ES,43.38,-2.98,293.15,55,0,2.6,1605397401
Acapulco de Juárez,MX,16.86,-99.89,302.15,74,20,3.1,1605397401
Lālmohan,BD,22.34,90.74,296.07,68,0,3.6,1605397401
Karpogory,RU,64.0,44.45,272.28,99,100,1.73,1605397401
Mananjary,MG,-21.22,48.33,293.68,89,100,2.37,1605397401
Haukipudas,FI,65.18,25.35,276.15,86,90,4.6,1605397402
Dhidhdhoo,MV,6.88,73.1,301.47,71,100,0.78,1605397127
Baracoa,CU,20.35,-74.5,298.93,80,74,5.22,1605397402
Lagoa,PT,39.05,-27.98,291.04,86,100,7.85,1605397402
Mbeya,TZ,-8.9,33.45,289.83,90,100,1.86,1605397402
Cabra,ES,37.47,-4.44,288.15,85,66,0.8,1605397402
Tutóia,BR,-2.76,-42.27,301.11,78,45,7.04,1605397403
Ribnitz-Damgarten,DE,54.25,12.47,284.26,87,75,1.5,1605397403
Raja,SS,8.46,25.68,295.87,37,25,0.79,1605397403
North Platte,US,41.12,-100.77,278.15,60,90,12.3,1605397403
Moree,AU,-29.47,149.85,305.15,15,0,5.1,1605397403
Catherinas Lust,GY,6.4,-57.6,300.02,85,86,3.7,1605397404
Sibolga,ID,1.74,98.78,298.85,76,84,1.54,1605397404
Nishihara,JP,26.18,127.76,298.15,83,75,6.7,1605397404
Kolyvan',RU,55.31,82.74,266.15,100,90,1.0,1605397404
Augusto Corrêa,BR,-1.02,-46.63,299.39,83,75,2.04,1605397404
Amga,RU,60.9,131.96,260.97,95,100,1.92,1605397404
Angoche,MZ,-16.23,39.91,296.13,77,1,2.96,1605397404
Harrison,US,30.41,-89.04,296.15,73,20,4.1,1605397405
Jérémie,HT,18.65,-74.12,299.34,74,100,2.41,1605397405
Tugulym,RU,57.06,64.64,259.15,84,90,5.0,1605397405
Charters Towers,AU,-20.1,146.27,304.82,40,3,4.36,1605397405
Mirny,RU,62.54,113.96,258.15,77,100,6.0,1605397405
Korla,CN,41.76,86.15,278.15,86,93,3.58,1605397405
Esim,GH,4.87,-2.24,298.77,87,13,2.43,1605397405
Fortuna,US,40.6,-124.16,287.04,62,90,5.7,1605397406
Khatanga,RU,71.97,102.5,258.29,94,100,8.69,1605397406
Santa María del Oro,MX,25.93,-105.37,294.24,24,0,4.99,1605397406
Damaturu,NG,11.75,11.96,297.7,28,37,4.49,1605397406
Nālūt,LY,30.33,10.85,286.8,47,68,2.86,1605397406
Turukhansk,RU,65.82,87.98,247.33,89,98,2.24,1605397406
Atambua,ID,-9.11,124.89,303.18,52,14,0.1,1605397406
Tura,IN,25.52,90.22,291.28,87,0,1.44,1605397407
Arrondissement de Verdun,FR,49.25,5.33,285.93,86,77,2.68,1605397407
Presidencia Roque Sáenz Peña,AR,-26.79,-60.44,293.15,94,90,6.2,1605397407
Champerico,GT,14.3,-91.92,302.15,74,75,3.1,1605397407
Bar Harbor,US,44.39,-68.2,280.37,68,90,2.6,1605397407
Xushan,CN,30.18,121.25,289.26,100,75,1.0,1605397407
Berlevåg,NO,70.86,29.09,278.35,81,46,12.85,1605397407
Dwārka,IN,22.24,68.97,298.49,61,0,4.13,1605397408
Digby,CA,44.62,-65.77,279.82,71,100,4.02,1605397408
Jucuarán,SV,13.25,-88.25,293.71,100,21,1.14,1605397408
Ponto Novo,BR,-10.86,-40.13,299.84,52,71,3.11,1605397408
Guilin,CN,25.28,110.29,289.15,77,90,1.0,1605397408
Terrace Bay,CA,48.78,-87.1,276.15,69,100,2.6,1605397408
Alice Springs,AU,-23.7,133.88,306.15,31,28,12.3,1605397330
Luganville,VU,-15.53,167.17,296.15,100,75,1.0,1605397409
Codrington,AU,-38.27,141.97,295.42,57,81,9.87,1605397409
Cortez,US,37.35,-108.59,280.15,20,1,8.7,1605397409
Antsohihy,MG,-14.88,47.99,298.01,74,9,2.21,1605397409
Najrān,SA,17.49,44.13,288.15,38,0,0.4,1605397409
Iztapa,GT,13.93,-90.71,299.25,84,3,3.91,1605397409
Lavrentiya,RU,65.58,-171.0,266.42,88,20,4.07,1605397409
Tromsø,NO,69.65,18.96,278.15,65,0,15.9,1605397187
Ukiah,US,39.15,-123.21,289.15,41,40,1.92,1605397410
Taoudenni,ML,22.68,-3.98,296.83,20,45,6.51,1605397410
Tula,RU,54.2,37.61,271.65,96,100,1.37,1605397410
Moses Lake,US,47.13,-119.28,282.15,45,90,3.6,1605397410
Porto-Novo,BJ,6.5,2.6,299.45,83,32,2.72,1605397410
Grand-Santi,GF,4.25,-54.38,296.73,95,85,1.38,1605397410
Pipraich,IN,26.83,83.53,291.29,47,0,0.8,1605397411
Wells,GB,51.21,-2.65,285.37,87,33,5.1,1605397188
São Filipe,CV,14.9,-24.5,299.84,65,55,3.42,1605397411
Miguel Hidalgo,MX,19.42,-99.2,298.15,16,20,2.39,1605397411
Knysna,ZA,-34.04,23.05,287.15,100,99,2.6,1605397411
Klaksvík,FO,62.23,-6.59,281.15,93,89,3.1,1605397412
Tasiilaq,GL,65.61,-37.64,266.87,96,100,2.97,1605397412
Arona,ES,28.1,-16.68,295.93,88,20,6.2,1605397412
Lüderitz,NA,-26.65,15.16,288.01,75,0,7.3,1605397412
‘Āhuimanu,US,21.44,-157.84,302.15,61,75,5.7,1605397412
Mangaratiba,BR,-22.96,-44.04,297.15,88,40,2.1,1605397412
Rabo de Peixe,PT,37.8,-25.58,292.15,93,75,2.1,1605397235
Ihosy,MG,-22.4,46.12,290.03,80,61,5.69,1605397413
Sydney Mines,CA,46.24,-60.22,277.04,100,90,3.6,1605397413
College,US,64.86,-147.8,264.15,85,75,1.02,1605397413
Jardim,BR,-21.48,-56.14,300.12,61,3,1.48,1605397413
Port-de-Bouc,FR,43.4,4.98,287.15,82,90,3.1,1605397413
Cairns,AU,-16.92,145.77,304.82,58,40,2.1,1605397413
Kuchera,IN,26.98,73.97,292.46,54,0,3.58,1605397414
Quatre Cocos,MU,-20.21,57.76,296.15,88,75,4.6,1605397414
Brainerd,US,46.36,-94.2,275.15,80,90,2.6,1605397414
Corning,US,42.14,-77.05,277.15,60,1,3.6,1605397351
Zhoucheng,CN,35.91,116.31,287.04,1,67,3.04,1605397414
Torfyanoy,RU,58.49,49.2,263.47,93,52,1.92,1605397414
Pavino,RU,59.11,46.14,268.67,97,99,2.33,1605397414
Minsk,BY,53.9,27.57,275.15,100,90,2.0,1605397415
Cap-aux-Meules,CA,47.38,-61.86,276.15,93,100,4.6,1605397415
Ossora,RU,59.24,163.07,276.61,93,100,13.17,1605397415
Lorengau,PG,-2.02,147.27,302.84,75,58,6.18,1605397415
Bandar-e Lengeh,IR,26.56,54.88,296.3,56,0,8.16,1605397415
Nuevo Laredo,MX,27.48,-99.52,305.15,43,5,4.6,1605397415
Santiago del Estero,AR,-27.8,-64.26,295.93,68,89,1.34,1605397133
Neftçala,AZ,39.37,49.25,285.16,73,33,3.94,1605397416
Kununurra,AU,-15.77,128.73,305.15,70,40,6.2,1605397277
Kamenka,RU,51.32,42.77,272.59,95,100,4.46,1605397416
Baní,DO,18.28,-70.33,299.26,82,90,1.34,1605397416
Kiryat Gat,IL,31.61,34.76,292.04,100,5,2.3,1605397380
Baie-Saint-Paul,CA,47.44,-70.5,276.15,79,42,3.1,1605397157
Salalah,OM,17.02,54.09,295.15,56,0,2.1,1605397347
Mariehamn,AX,60.1,19.93,282.15,93,90,5.7,1605397417
Saint-Joseph,RE,-21.37,55.62,295.15,73,90,3.6,1605397417
Narsaq,GL,60.92,-46.05,265.15,67,0,6.7,1605397417
Arlit,NE,18.74,7.39,295.28,25,10,3.74,1605397417
Riyadh,SA,24.69,46.72,289.15,48,0,1.64,1605397250
Impfondo,CG,1.64,18.07,294.49,96,100,0.76,1605397417
Cruzeiro do Sul,BR,-29.51,-51.99,296.88,75,53,1.51,1605397418
Weligama,LK,5.97,80.42,297.96,89,33,1.95,1605397418
Nouakchott,MR,18.09,-15.98,296.15,18,0,1.5,1605397418
Marzuq,YE,14.4,46.47,288.19,37,79,1.39,1605397418
Rāmtek,IN,21.4,79.33,292.15,82,30,2.04,1605397418
Maceió,BR,-9.67,-35.74,297.15,94,20,2.1,1605397182
Vila Velha,BR,-20.33,-40.29,298.15,94,0,4.1,1605397418
Port Hawkesbury,CA,45.62,-61.35,277.59,93,90,2.1,1605397419
Port Keats,AU,-14.25,129.55,304.46,63,25,5.11,1605397419
La Constancia,MX,24.22,-107.19,303.15,33,5,4.1,1605397419
Meulaboh,ID,4.14,96.13,297.68,88,94,1.91,1605397419
Freeport,US,40.66,-73.58,282.15,45,1,2.1,1605397348
Roald,NO,62.58,6.13,284.15,57,99,6.2,1605397419
Goulburn,AU,-34.75,149.72,295.93,54,0,3.41,1605397148
Celestún,MX,20.87,-90.4,299.23,87,32,5.56,1605397420
Visby,SE,57.64,18.3,282.59,93,100,3.6,1605397420
Kalnibolotskaya,RU,46.01,40.46,276.65,69,100,5.31,1605397420
Vestmannaeyjar,IS,63.44,-20.27,277.97,71,40,5.08,1605397420
Vegreville,CA,53.5,-112.05,265.15,85,99,2.1,1605397420
Yulara,AU,-25.24,130.99,307.15,24,56,9.8,1605397421
San Jose,US,37.34,-121.89,289.26,71,40,2.41,1605397291
Manokwari,ID,-0.87,134.08,302.1,71,77,1.06,1605397421
Brae,GB,60.4,-1.35,283.15,100,100,7.2,1605397421
Bathsheba,BB,13.22,-59.52,298.15,94,20,3.6,1605397421
Forsytheganj,BY,52.63,29.73,277.39,96,95,1.63,1605397421
Vostok,RU,46.49,135.88,271.53,91,26,2.1,1605397422
Tongliao,CN,43.61,122.27,281.08,59,59,2.7,1605397422
Mae Hong Son,TH,19.3,97.97,291.22,69,2,0.91,1605397422
Seredka,RU,58.16,28.19,273.15,97,37,1.0,1605397422
Utica,US,43.1,-75.23,275.15,64,1,1.21,1605397410
Ucluelet,CA,48.93,-125.55,278.71,93,90,5.1,1605397253
Jampur,PK,29.64,70.6,291.08,51,53,6.16,1605397422
Pacific Grove,US,36.62,-121.92,288.15,76,20,3.6,1605397325
Los Llanos de Aridane,ES,28.66,-17.92,297.15,73,0,4.1,1605397423
Pomabamba,PE,-8.83,-77.47,283.47,74,99,1.32,1605397423
Bayanday,RU,53.07,105.51,262.04,93,27,2.06,1605397423
Cockburn Town,TC,21.46,-71.14,300.42,75,43,8.37,1605397423
Rocha,UY,-34.48,-54.33,290.62,94,100,0.92,1605397423
Diego de Almagro,CL,-26.37,-70.05,285.78,48,0,1.2,1605397423
Aswān,EG,24.09,32.91,292.19,53,0,4.88,1605397424
Leeuwarden,NL,53.2,5.81,286.15,82,90,6.7,1605397424
Gambiran,ID,-6.8,111.5,300.85,72,93,2.04,1605397424
Nantucket,US,41.28,-70.1,282.15,60,90,5.1,1605397424
Dātāganj,IN,28.03,79.4,290.95,35,69,2.54,1605397424
Porto Empedocle,IT,37.29,13.53,287.59,96,0,1.34,1605397424
Karaton,ID,-6.34,106.1,302.04,74,40,1.5,1605397424
Nelson Bay,AU,-32.72,152.15,299.82,73,0,2.1,1605397425
San Jerónimo,PE,-11.95,-75.28,285.76,62,80,1.47,1605397425
Leirvik,NO,59.78,5.5,284.26,83,100,2.68,1605397425
Zunyi,CN,27.69,106.91,282.92,80,0,0.86,1605397345
Berdigestyakh,RU,62.1,126.7,258.32,93,100,3.34,1605397425
Yeppoon,AU,-23.13,150.73,301.15,65,90,3.6,1605397425
Sur,OM,22.57,59.53,298.02,69,4,5.06,1605397425
Zhuhai,CN,22.28,113.57,295.15,83,40,6.2,1605397426
San Joaquin,US,37.93,-121.3,289.15,63,1,3.1,1605397426
Jaguarari,BR,-10.26,-40.2,297.65,53,41,2.23,1605397426
Taltal,CL,-25.4,-70.48,287.58,75,20,1.85,1605397426
Kahului,US,20.89,-156.47,302.15,54,40,9.8,1605397295
Sakaiminato,JP,35.55,133.23,281.15,100,40,1.5,1605397426
Tuy Hoa,VN,13.08,109.3,298.0,88,96,1.31,1605397426
Fairbanks,US,64.84,-147.72,264.15,85,75,0.97,1605397232
Guangzhou,CN,23.12,113.25,294.26,88,75,1.0,1605397229
Zhigansk,RU,66.77,123.37,254.87,92,91,2.73,1605397427
Blagodatnoye,RU,45.4,42.59,272.15,74,0,5.0,1605397427
Caucayá,CO,-0.19,-74.78,298.11,86,80,1.16,1605397427
Parit Buntar,MY,5.13,100.49,299.15,94,40,1.5,1605397427
Husavik,IS,66.04,-17.34,273.15,97,90,2.6,1605397428
Callaway,US,30.15,-85.57,295.37,78,1,2.6,1605397428
Ayagoz,KZ,47.97,80.44,268.71,91,99,2.17,1605397428
Coahuayana Viejo,MX,18.73,-103.68,299.15,78,40,5.1,1605397428
Balikpapan,ID,-1.27,116.83,299.15,100,20,1.0,1605397428
Innisfail,AU,-17.53,146.03,302.04,54,8,0.89,1605397135
Henties Bay,NA,-22.12,14.28,288.15,88,1,2.02,1605397428
Diamantina,BR,-18.25,-43.6,291.02,94,100,1.58,1605397429
Pakxan,LA,18.38,103.66,292.39,59,48,2.54,1605397429
Rayong,TH,12.83,101.43,298.15,96,70,2.15,1605397429
Conde,BR,-7.26,-34.91,298.15,83,20,3.1,1605397362
Youghal,IE,51.95,-7.85,284.26,93,75,6.2,1605397429
Pangoa,PE,-12.12,-73.0,295.22,90,100,0.95,1605397429
Laas,IT,46.62,10.7,275.37,55,5,0.57,1605397429
Katobu,ID,-4.94,122.53,302.08,72,93,1.82,1605397430
Bantogon,PH,6.53,124.03,300.52,71,95,1.01,1605397430
Pechenga,RU,69.53,31.17,275.15,89,66,10.3,1605397430
Charlestown,AU,-32.95,151.67,302.04,69,0,2.36,1605397430
Amapá,BR,1.0,-52.0,296.3,95,100,1.66,1605397430
Aksarka,RU,66.56,67.8,257.24,91,100,5.63,1605397430
Tucupita,VE,9.06,-62.05,298.4,90,92,1.82,1605397430
Lázaro Cárdenas,MX,17.96,-102.2,299.63,77,0,2.04,1605397431
Mae Ramat,TH,16.98,98.52,292.15,100,20,1.0,1605397431
Tshikapa,CD,-6.42,20.8,292.41,95,39,0.29,1605397431
Moerai,PF,-22.43,-151.33,298.16,79,63,3.49,1605397431
Tianpeng,CN,30.99,103.94,291.48,1,93,1.46,1605397431
Hackettstown,US,40.85,-74.83,278.15,64,20,1.95,1605397431
Bāli Chak,IN,22.37,87.55,294.26,60,0,2.93,1605397431
Ust-Maya,RU,60.42,134.53,261.7,95,100,2.84,1605397432
Juneau,US,58.3,-134.42,276.15,86,75,5.1,1605397432
Laguna,US,38.42,-121.42,289.82,51,1,0.9,1605397432
Kruisfontein,ZA,-34.0,24.73,289.82,80,63,0.89,1605397432
Booué,GA,-0.09,11.94,295.45,93,99,0.53,1605397432
Geraldton,AU,-28.77,114.6,291.15,55,90,4.6,1605397432
Nizhniy Ingash,RU,56.2,96.53,265.24,94,12,0.24,1605397433
Pimentel,PE,-6.84,-79.93,293.15,64,0,8.7,1605397433
Saint Joseph,US,39.77,-94.85,290.37,72,20,5.1,1605397433
Ancud,CL,-41.87,-73.82,284.15,62,90,4.1,1605397138
Athens,GR,37.98,23.72,286.48,66,20,2.41,1605397195
Tottori-shi,JP,35.5,134.23,281.15,75,40,2.6,1605397217
Taldan,RU,53.67,124.8,262.67,88,1,3.25,1605397433
Palauig,PH,15.44,119.9,301.52,68,84,1.17,1605397434
Puri,IN,19.8,85.85,296.64,74,0,5.05,1605397434
Labuhan,ID,-6.88,112.21,301.08,78,94,1.89,1605397434
Marsh Harbour,BS,26.54,-77.06,299.51,79,5,4.09,1605397434
Yerbogachën,RU,61.28,108.01,256.86,93,85,3.13,1605397434
Razdol'noye,RU,43.55,131.92,276.15,74,40,2.71,1605397434
Brookings,US,44.31,-96.8,274.26,86,1,2.1,1605397222
Necochea,AR,-38.55,-58.74,287.04,86,96,6.04,1605397435
Port Hedland,AU,-20.32,118.57,303.15,35,0,6.2,1605397435
Bereket,TM,39.24,55.52,279.27,59,5,3.3,1605397435
Traverse City,US,44.76,-85.62,279.15,41,40,3.6,1605397351
Stillwater,US,36.12,-97.06,299.15,31,1,8.2,1605397386
Kaduqli,SD,11.02,29.72,296.59,20,0,5.02,1605397435
Noumea,NC,-22.28,166.46,303.15,62,20,4.6,1605397271
Kieta,PG,-6.22,155.63,303.91,60,9,2.58,1605397436
Brownwood,US,31.71,-98.99,299.15,50,1,7.2,1605397299
Manakara,MG,-22.13,48.02,293.35,85,100,2.69,1605397436
Vorobyevka,RU,50.65,40.92,271.51,96,100,2.52,1605397436
Sémbé,CG,1.65,14.58,296.32,80,82,0.6,1605397436
Itarema,BR,-2.92,-39.92,300.64,77,46,7.51,1605397437
Ruska Poliana,UA,49.42,31.92,275.35,82,50,1.46,1605397437
Mount Gambier,AU,-37.83,140.77,298.15,36,32,8.7,1605397437
Novy Urengoy,RU,66.08,76.63,253.94,90,100,4.77,1605397368
Darnah,LY,32.77,22.64,292.11,71,18,6.19,1605397437
Sunbury,AU,-37.58,144.73,295.15,37,0,12.9,1605397437
Olinda,BR,-8.01,-34.86,300.15,78,40,4.1,1605397339
Rosetta,EG,31.4,30.42,293.15,68,40,3.6,1605397438
Merauke,ID,-8.47,140.33,301.15,62,0,4.92,1605397438
Biltine,TD,14.53,20.92,295.06,24,0,6.56,1605397438
Río Gallegos,AR,-51.62,-69.22,285.15,40,0,8.2,1605397438
Santa Maria,BR,-29.68,-53.81,303.15,42,0,1.5,1605397182
Nouadhibou,MR,20.93,-17.03,298.15,33,0,5.7,1605397287
Negara,ID,-8.32,114.6,300.49,75,57,1.62,1605397438
Mokhotlong,LS,-29.29,29.07,284.4,66,6,0.46,1605397439
Bosaso,SO,11.28,49.18,296.08,77,14,0.9,1605397439
Paamiut,GL,61.99,-49.67,267.7,81,0,12.41,1605397439
Vila Franca do Campo,PT,37.72,-25.43,292.15,93,75,2.1,1605397439
Barabai,ID,-2.58,115.38,300.31,78,94,0.83,1605397439
City of San Pedro,PH,14.35,121.02,302.59,78,40,5.33,1605397439
Jijiga,ET,9.35,42.8,287.51,41,72,4.3,1605397440
Fayaoué,NC,-20.65,166.53,298.17,77,2,2.9,1605397440
Yatou,CN,37.15,122.38,284.47,58,0,1.19,1605397440
Singapore,SG,1.29,103.85,301.15,88,75,2.1,1605396704
Peleduy,RU,59.63,112.74,260.45,93,100,2.72,1605397440
Çorum Province,TR,40.5,34.75,276.76,75,70,1.25,1605397440
Copiapó,CL,-27.37,-70.33,288.15,72,40,4.6,1605397228
